baryon_density,pressurec2,energy_densityc2
6.69048771152622,1.1236019714159985e-13,7.75762126553246
7.911501883089412,1.1236019475463936e-12,7.817295635759562
7.961680189549807,1.1236019475463935e-11,7.857078290656912
8.21257384608163,1.1236020092095396e-10,8.105719630150793
11.691627347020315,1.346106455596052e-09,11.53697608654582
16.558956977725124,1.557471780889604e-08,16.310897120862208
45.49531615737781,1.8912286344642442e-07,44.85496701772423
212.4229843099,6.47463040142407e-06,210.8481743909045
1159.1270249039164,0.000211365363087,1143.7519101204043
10529.155193679911,0.0108399831667472,10383.278517673914
26444.15110833727,0.0552680809501826,26077.5431250706
66436.54548555908,0.270442611278688,65512.11791804905
166860.76126842786,1.2804650541295215,164501.36184252548
419159.07582330506,5.858396570033943,413341.9990109872
1052748.2003064756,25.78712920128644,1038327.7682237742
2644415.2613697,108.52316034627816,2607754.3920724094
6643654.381293715,435.0832347612719,6552206.657044684
8363109.568321342,585.0638948450149,8247943.010781746
16686075.60832999,1596.419099073078,16460080.918056862
33285176.11436781,4264.10597733402,32840598.03806067
66436542.307577424,11191.661733400537,65532012.83588413
132538566.25185376,28969.743184381357,130785548.73846784
264441516.10123843,74270.27238038476,260974336.66811445
332851761.14367807,97208.96505050184,328604905.6893526
527712198.5285088,181224.0062062492,520854641.823005
836310960.177378,336979.1567432373,825589946.6174133
1052748248.8125114,459350.6425127657,1039322354.9848288
1325385590.5957952,560239.5216899446,1308849976.6781795
1668607555.815133,763170.9636892378,1647997285.219133
2644415244.643481,1415069.7700814495,2611732679.442616
4191590708.054392,2621081.4488872574,4141376266.480223
6643653996.5906725,4852690.571267287,6565136105.916356
8363109401.05915,6298790.919184064,8266839801.197708
10527482103.422071,8568392.197617227,10403169437.350168
13253855905.957949,11658909.905207796,13108391541.78556
16686076310.831202,15852799.998605894,16499864845.999804
21008131361.672,21560220.20390188,20786447577.088676
26444151275.59946,27845883.01942771,26167053944.431767
33285177285.20316,37869128.72809076,32950000393.72956
41915906411.49516,51484749.771258816,41493329605.68661
52771221859.99719,66182457.18171866,52254542340.3728
66436539965.90673,89988408.78070177,65810492553.9718
83631094010.59149,122373490.02068426,82867314966.36125
105274827222.92184,166315448.82918897,104330068014.8576
132538565248.28064,226164508.16281623,131481740375.52213
166860763108.31198,288921687.58763784,165495926723.10892
184824717550.98425,321722483.05957246,183398124808.44333
210081306926.2323,366000600.0993804,208461219870.9845
264441519446.48236,497621579.6377496,262565647637.9294
332851766161.5439,647025416.7957953,330693492137.49115
430198372156.61536,868296634.079132,427564309226.2101
446590046937.4123,877745031.2762474,443576825882.9877
522861603312.8884,929144294.84244,519959567444.667
660852940452.7112,1012130876.8754244,657408702872.1775
796000750072.123,1093685433.7901795,792073057031.8811
972127865399.684,1204818286.084032,967514617045.5808
1194753883587.0798,1354997873.4656546,1189501948333.8523
1469565615472.3325,1556357931.6369345,1463007883256.1482
6690487711526.219,10337358450.297552,6705887328666.753
13380975406326.217,20780393648.552708,13423626353762.48
20071463084400.0,37168691285.06965,20148832547133.367
26761950779200.0,57331035023.12813,26880291463066.14
33452438474000.0,80478501203.13504,33617219502215.49
50282817391714.16,145988157401.97757,50586888306018.53
68226029500264.4,249768384513.51767,68706933839758.44
85646272852613.11,383473419601.7238,86329210826779.42
102783338415884.98,545626516398.1716,103694650101454.08
119770481559210.86,735663366673.7776,120937286203353.84
136682554928114.52,954845589285.6316,138132615528394.88
153564657449728.0,1206552775915.3943,155326539412177.78
170444098705831.8,1496229737864.1018,172547481173206.84
187335233100422.0,1831170232300.5488,189811266699953.9
204242608892702.6,2220238239127.282,207124279125416.4
221164230493697.84,2673576463159.5435,224486725112101.6
238094744253560.84,3202323569139.1094,241895829265696.7
255027924678679.2,3818348281337.256,259348323975025.75
271958185981138.56,4534003317530.273,276841950817492.9
288881243514251.8,5361900944090.4,294376096282214.6
305794219059417.9,6314712245858.992,311951859199197.2
322695464684739.25,7404992642109.321,329571829734107.0
339584289796856.25,8645036103569.251,347239769179207.06
356460690033787.4,10046759753273.096,364960292515139.25
373325118942658.56,11621619181622.822,382738596790355.8
390178312007052.4,13380553155242.62,400580246065809.2
407021158551508.8,15333954782053.596,418491009004559.6
423854612443362.1,17491664899393.947,436476740156480.5
440679632265035.0,19862982660743.08,454543295457576.3
457497143009932.4,22456688066787.63,472696473654036.8
474308013081052.94,25281071465112.77,490941976967117.2
491113041934188.7,28343965703700.805,509285385812559.7
507912954963738.6,31652777511566.684,527732143623781.3
524708403183510.06,35214515647254.38,546287548796784.0
537041735710494.7,38021243490813.414,560000000000000.0
540596456458768.56,38021243490813.414,563958348822429.9
544151177207042.44,38021243490813.414,567916697644859.8
547705897955316.2,38021243490813.414,571875046467289.5
551260618703590.06,38021243490813.414,575833395289719.4
554815339451863.94,38021243490813.414,579791744112149.2
558370060200137.8,38021243490813.414,583750092934579.1
561924780948411.7,38021243490813.414,587708441757009.0
565479501696685.4,38021243490813.414,591666790579438.8
569034222444959.2,38021243490813.414,595625139401868.6
572588943193233.1,38021243490813.414,599583488224298.5
576143663941507.0,38021243490813.414,603541837046728.4
579698384689780.9,38021243490813.414,607500185869158.2
583253105438054.6,38021243490813.414,611458534691588.0
586807826186328.5,38021243490813.414,615416883514017.9
590362546934602.4,38021243490813.414,619375232336447.8
593917267682876.2,38021243490813.414,623333581158877.6
597471988431150.1,38021243490813.414,627291929981307.5
601026709179423.9,38021243490813.414,631250278803737.2
604581429927697.8,38021243490813.414,635208627626167.1
608136150675971.6,38021243490813.414,639166976448597.0
611690871424245.5,38021243490813.414,643125325271026.9
615245592172519.4,38021243490813.414,647083674093456.8
618800312920793.1,38021243490813.414,651042022915886.5
622355033669067.0,38021243490813.414,655000371738316.4
625909754417340.9,38021243490813.414,658958720560746.2
629464475165614.8,38021243490813.414,662917069383176.1
633019195913888.6,38021243490813.414,666875418205606.0
636573916662162.4,38021243490813.414,670833767028035.8
640128637410436.1,38021243490813.414,674792115850465.6
643683358158710.0,38021243490813.414,678750464672895.5
647238078906983.9,38021243490813.414,682708813495325.4
650792799655257.8,38021243490813.414,686667162317755.2
654347520403531.5,38021243490813.414,690625511140185.0
657902241151805.4,38021243490813.414,694583859962614.9
661456961900079.2,38021243490813.414,698542208785044.8
665011682648353.1,38021243490813.414,702500557607474.6
668566403396627.0,38021243490813.414,706458906429904.5
672121124144900.8,38021243490813.414,710417255252334.2
675675844893174.6,38021243490813.414,714375604074764.1
679230565641448.5,38021243490813.414,718333952897194.0
682785286389722.4,38021243490813.414,722292301719623.9
686340007137996.2,38021243490813.414,726250650542053.8
691138880148165.9,39406665578663.83,730208999364483.5
697181905420231.4,42177509754364.734,734167348186913.4
703224930692297.0,44948353930065.65,738125697009343.2
709267955964362.6,47719198105766.56,742084045831773.1
715310981236428.1,50490042281467.48,746042394654203.0
721354006508493.5,53260886457168.3,750000743476632.8
727397031780559.1,56031730632869.21,753959092299062.6
733440057052624.6,58802574808570.125,757917441121492.5
739483082324690.2,61573418984271.04,761875789943922.4
745526107596755.9,64344263159971.95,765834138766352.2
751569132868821.1,67115107335672.78,769792487588782.0
757612158140886.8,69885951511373.69,773750836411211.9
763655183412952.4,72656795687074.6,777709185233641.8
769698208685017.8,75427639862775.44,781667534056071.5
775741233957083.6,78198484038476.44,785625882878501.5
781784259229148.9,80969328214177.25,789584231700931.2
787827284501214.4,83740172389878.17,793542580523361.1
793870309773280.1,86511016565579.1,797500929345791.0
799913335045345.4,89281860741279.9,801459278168220.8
805956360317411.1,92052704916980.9,805417626990650.8
811999385589476.6,94823549092681.75,809375975813080.5
818042410861542.1,97594393268382.66,813334324635510.4
824085436133607.6,100365237444083.56,817292673457940.2
830128461405673.1,103136081619784.4,821251022280370.0
836171486677738.9,105906925795485.4,825209371102800.0
842214511949804.2,108677769971186.22,829167719925229.8
848257537221869.9,111448614146887.12,833126068747659.6
854300562493935.4,114219458322588.03,837084417570089.5
860343587766000.9,116990302498288.88,841042766392519.2
866386613038066.6,119761146673989.88,845001115214949.2
872429638310132.0,122531990849690.69,848959464037379.0
878472663582197.5,125302835025391.6,852917812859808.9
884515688854263.1,128073679201092.5,856876161682238.8
890558714126328.5,130844523376793.34,860834510504668.5
896601739398394.2,133615367552494.34,864792859327098.5
902644764670459.6,136386211728195.16,868751208149528.2
908687789942525.2,139157055903896.06,872709556971958.1
914730815214590.8,141927900079596.97,876667905794388.0
920773840486656.1,144698744255297.8,880626254616817.8
926816865758721.9,147469588430998.8,884584603439247.8
932859891030787.2,150240432606699.62,888542952261677.5
938902916302852.9,153011276782400.53,892501301084107.4
944945941574918.5,155782120958101.44,896459649906537.2
950988966846983.9,158552965133802.28,900417998728967.0
957031992119049.6,161323809309503.28,904376347551397.0
963075017391115.0,164094653485204.1,908334696373826.8
969118042663180.5,166865497660905.0,912293045196256.6
975161067935246.1,169636341836605.9,916251394018686.5
981204093207311.5,172407186012306.75,920209742841116.2
987247118479377.2,175178030188007.75,924168091663546.2
993290143751442.6,177948874363708.56,928126440485976.0
999333169023508.2,180719718539409.47,932084789308405.9
1005376194295573.8,183490562715110.38,936043138130835.8
1011419219567639.2,186261406890811.2,940001486953265.5
1017462244839705.0,189032251066512.2,943959835775695.5
1023505270111770.2,191803095242213.0,947918184598125.2
1029548295383835.9,194573939417913.9,951876533420555.1
1035591320655901.4,197344783593614.8,955834882242985.0
1041634345927966.9,200115627769315.62,959793231065414.8
1047677371200032.8,202886471945016.62,963751579887844.8
1053720396472098.0,205657316120717.44,967709928710274.5
1059763421744163.5,208428160296418.34,971668277532704.4
1065806447016229.1,211199004472119.25,975626626355134.2
1071849472288294.4,213969848647820.06,979584975177564.0
1077892497560360.1,216740692823521.06,983543323999994.0
1083935522832425.5,219511536999221.88,987501672822423.8
1089978548104491.2,222282381174922.78,991460021644853.6
1096021573376556.8,225053225350623.7,995418370467283.5
1102064598648622.1,227824069526324.5,999376719289713.2
1108107623920687.6,230594913702025.4,1003335068112143.1
1114150649192753.2,233365757877726.3,1007293416934573.0
1120193674464818.8,236136602053427.22,1011251765757002.9
1126236699736884.5,238907446229128.12,1015210114579432.8
1132279725008949.8,241678290404828.94,1019168463401862.5
1138322750281015.2,244449134580529.84,1023126812224292.4
1144365775553081.0,247219978756230.75,1027085161046722.2
1150408800825146.5,249990822931931.66,1031043509869152.1
1156451826097212.0,252761667107632.56,1035001858691582.0
1162494851369277.2,255532511283333.38,1038960207514011.8
1168537876641343.0,258303355459034.28,1042918556336441.6
1174580901913408.5,261074199634735.2,1046876905158871.5
1180623927185474.2,263845043810436.1,1050835253981301.4
1186666952457539.8,266615887986137.0,1054793602803731.2
1192709977729605.0,269386732161837.8,1058751951626161.0
1198753003001670.5,272157576337538.72,1062710300448590.9
1204796028273736.2,274928420513239.62,1066668649271020.8
1210839053545801.8,277699264688940.53,1070626998093450.6
1216882078817867.5,280470108864641.44,1074585346915880.5
1222925104089932.8,283240953040342.25,1078543695738310.2
1228968129361998.2,286011797216043.2,1082502044560740.1
1235011154634063.8,288782641391744.06,1086460393383170.0
1241054179906129.5,291553485567445.0,1090418742205599.9
1247097205178195.0,294324329743145.9,1094377091028029.8
1253140230450260.5,297095173918846.7,1098335439850459.5
1259183255722326.0,299866018094547.6,1102293788672889.4
1265226280994391.5,302636862270248.5,1106252137495319.2
1271269306266457.0,305407706445949.44,1110210486317749.1
1277312331538522.5,308178550621650.3,1114168835140179.0
1283355356810588.2,310949394797351.1,1118127183962608.8
1289398382082653.8,313720238973052.06,1122085532785038.6
1295441407354719.2,316491083148752.94,1126043881607468.5
1301484432626785.0,319261927324453.94,1130002230429898.5
1307527457898850.2,322032771500154.8,1133960579252328.2
1313570483170915.5,324803615675855.6,1137918928074758.0
1319613508442981.5,327574459851556.6,1141877276897188.0
1325656533715047.0,330345304027257.44,1145835625719617.8
1331699558987112.2,333116148202958.25,1149793974542047.5
1337742584259178.0,335886992378659.25,1153752323364477.5
1343785609531243.2,338657836554360.06,1157710672186907.2
1349828634803308.8,341428680730060.9,1161669021009337.0
1355871660075374.5,344199524905761.9,1165627369831767.0
1361914685347440.5,346970369081462.9,1169585718654197.0
1367957710619505.8,349741213257163.7,1173544067476626.8
1374000735891571.0,352512057432864.5,1177502416299056.5
1380043761163636.8,355282901608565.5,1181460765121486.5
1386086786435702.0,358053745784266.3,1185419113943916.2
1392129811707767.5,360824589959967.1,1189377462766346.0
1398172836979833.2,363595434135668.1,1193335811588776.0
1404215862251898.8,366366278311368.94,1197294160411205.8
1410258887523964.0,369137122487069.75,1201252509233635.5
1416301912796029.8,371907966662770.75,1205210858056065.5
1422344938068095.5,374678810838471.75,1209169206878495.5
1428387963340160.8,377449655014172.4,1213127555700925.0
1434430988612226.5,380220499189873.4,1217085904523355.0
1440474013884292.2,382991343365574.4,1221044253345785.0
1446517039156357.5,385762187541275.2,1225002602168214.8
1452560064428422.8,388533031716976.0,1228960950990644.5
1458603089700488.5,391303875892677.0,1232919299813074.5
1464646114972554.0,394074720068377.8,1236877648635504.2
1470689140244619.2,396845564244078.6,1240835997457934.0
1476732165516685.0,399616408419779.6,1244794346280364.0
1482775190788750.8,402387252595480.6,1248752695102794.0
1488818216060815.8,405158096771181.25,1252711043925223.5
1494861241332881.5,407928940946882.25,1256669392747653.5
1500904266604947.5,410699785122583.25,1260627741570083.5
1506947291877012.8,413470629298284.06,1264586090392513.2
1512990317149078.2,416241473473984.9,1268544439214943.0
1519033342421144.0,419012317649685.9,1272502788037373.0
1525076367693209.2,421783161825386.7,1276461136859802.8
1531119392965274.8,424554006001087.5,1280419485682232.5
1537162418237340.5,427324850176788.5,1284377834504662.5
1543205443509406.2,430095694352489.5,1288336183327092.5
1549248468781471.0,432866538528190.1,1292294532149522.0
1555291494053536.8,435637382703891.1,1296252880971952.0
1561334519325602.5,438408226879592.1,1300211229794382.0
1567377544597668.0,441179071055292.94,1304169578616811.8
1573420569869733.5,443949915230993.75,1308127927439241.5
1579463595141799.2,446720759406694.75,1312086276261671.5
1585506620413864.5,449491603582395.56,1316044625084101.2
1591549645685930.0,452262447758096.4,1320002973906531.0
1597592670957995.8,455033291933797.4,1323961322728961.0
1603635696230061.5,457804136109498.4,1327919671551391.0
1609678721502126.5,460574980285199.0,1331878020373820.5
1615721746774192.2,463345824460900.0,1335836369196250.5
1621764772046258.0,466116668636601.0,1339794718018680.5
1627807797318323.2,468887512812301.8,1343753066841110.2
1633850822590388.5,471658356988002.6,1347711415663540.0
1639893847862454.5,474429201163703.6,1351669764485970.0
1645936873134520.0,477200045339404.44,1355628113308399.8
1651979898406585.2,479970889515105.25,1359586462130829.5
1658022923678651.0,482741733690806.25,1363544810953259.5
1664065948950716.8,485512577866507.25,1367503159775689.5
1670108974222781.8,488283422042207.9,1371461508598119.0
1676151999494847.8,491054266217908.9,1375419857420549.0
1682195024766913.5,493825110393609.9,1379378206242979.0
1688238050038978.8,496595954569310.7,1383336555065408.8
1694281075311044.0,499366798745011.5,1387294903887838.5
1700324100583109.8,502137642920712.5,1391253252710268.5
1706367125855175.0,504908487096413.3,1395211601532698.2
1712410151127240.5,507679331272114.1,1399169950355128.0
1718453176399306.2,510450175447815.1,1403128299177558.0
1724496201671372.0,513221019623516.1,1407086647999988.0
1730539226943437.0,515991863799216.75,1411044996822417.5
1736582252215502.8,518762707974917.75,1415003345644847.5
1742625277487568.5,521533552150618.75,1418961694467277.5
1748668302759634.0,524304396326319.56,1422920043289707.2
1754711328031699.5,527075240502020.4,1426878392112137.0
1760754353303765.2,529846084677721.4,1430836740934567.0
1766797378575830.5,532616928853422.2,1434795089756996.8
1772840403847895.8,535387773029123.0,1438753438579426.5
1778883429119961.5,538158617204824.0,1442711787401856.5
1784926454392027.0,540929461380524.8,1446670136224286.2
1790969479664092.2,543700305556225.6,1450628485046716.0
1797012504936158.0,546471149731926.6,1454586833869146.0
1803055530208223.8,549241993907627.6,1458545182691576.0
1809098555480289.2,552012838083328.44,1462503531514005.8
1815141580752354.8,554783682259029.25,1466461880336435.5
1821184606024420.5,557554526434730.25,1470420229158865.5
1827227631296485.8,560325370610431.06,1474378577981295.2
1833270656568551.2,563096214786131.9,1478336926803725.0
1839313681840617.0,565867058961832.9,1482295275626155.0
1845356707112682.2,568637903137533.6,1486253624448584.8
1851399732384747.8,571408747313234.5,1490211973271014.5
1857442757656813.5,574179591488935.5,1494170322093444.5
1863485782928879.2,576950435664636.5,1498128670915874.5
1869528808200944.5,579721279840337.2,1502087019738304.2
1875571833473009.8,582492124016038.1,1506045368560734.0
1881614858745075.5,585262968191739.1,1510003717383164.0
1887657884017141.0,588033812367439.9,1513962066205593.8
1893700909289206.5,590804656543140.8,1517920415028023.5
1899743934561272.2,593575500718841.8,1521878763850453.5
1905786959833337.5,596346344894542.5,1525837112672883.2
1911829985105403.0,599117189070243.4,1529795461495313.0
1917873010377468.8,601888033245944.4,1533753810317743.0
1923916035649534.5,604658877421645.4,1537712159140173.0
1929959060921600.0,607429721597346.2,1541670507962602.8
1936002086193665.2,610200565773047.1,1545628856785032.5
1942045111465731.0,612971409948748.1,1549587205607462.5
1948088136737796.5,615742254124449.0,1553545554429892.2
1954131162009862.0,618513098300149.9,1557503903252322.0
1960174187281927.8,621283942475850.9,1561462252074752.0
1966217212553993.2,624054786651551.8,1565420600897181.8
1972260237826058.5,626825630827252.6,1569378949719611.5
1978303263098124.2,629596475002953.6,1573337298542041.5
1984346288370190.0,632367319178654.6,1577295647364471.5
1990389313642255.5,635138163354355.5,1581253996186901.2
1996432338914321.0,637909007530056.4,1585212345009331.0
2002475364186386.8,640679851705757.4,1589170693831761.0
2008518389458452.2,643450695881458.2,1593129042654190.8
2014561414730517.5,646221540057159.1,1597087391476620.5
2020604440002583.2,648992384232860.1,1601045740299050.5
2026647465274648.5,651763228408561.0,1605004089121480.2
2032690490546714.2,654534072584261.9,1608962437943910.0
2038733515818780.0,657304916759962.9,1612920786766340.0
2044776541090845.8,660075760935663.9,1616879135588770.0
2050819566362911.2,662846605111364.8,1620837484411199.8
2056862591634976.5,665617449287065.6,1624795833233629.5
2062905616907042.2,668388293462766.6,1628754182056059.5
2068948642179108.0,671159137638467.5,1632712530878489.2
2074991667451173.2,673929981814168.4,1636670879700919.0
2081034692723239.0,676700825989869.4,1640629228523349.0
2087077717995304.5,679471670165570.2,1644587577345778.8
2093120743267369.8,682242514341271.1,1648545926168208.5
2099163768539435.5,685013358516972.1,1652504274990638.5
2105206793811501.2,687784202692673.1,1656462623813068.5
2111249819083566.5,690555046868374.0,1660420972635498.2
2117292844355632.2,693325891044074.9,1664379321457928.0
2123335869627698.0,696096735219775.9,1668337670280358.0
2129378894899763.5,698867579395476.8,1672296019102787.8
2135421920171828.8,701638423571177.6,1676254367925217.5
2141464945443894.5,704409267746878.6,1680212716747647.5
2147507970715960.2,707180111922579.5,1684171065570077.2
2153550995988026.0,709950956098280.5,1688129414392507.2
2159594021260091.2,712721800273981.4,1692087763214937.0
2165637046532156.8,715492644449682.2,1696046112037366.8
2171680071804222.5,718263488625383.2,1700004460859796.8
2177723097076287.8,721034332801084.1,1703962809682226.5
2183766122348353.5,723805176976785.1,1707921158504656.5
2189809147620418.8,726576021152486.0,1711879507327086.2
2195852172892484.5,729346865328186.9,1715837856149516.0
2201895198164550.5,732117709503887.9,1719796204971946.0
2207938223436615.8,734888553679588.8,1723754553794375.8
2213981248708681.5,737659397855289.8,1727712902616805.8
2220024273980746.8,740430242030990.6,1731671251439235.5
2226067299252812.5,743201086206691.5,1735629600261665.2
2232110324524878.2,745971930382392.5,1739587949084095.2
2238153349796943.8,748742774558093.4,1743546297906525.0
2244196375069009.5,751513618733794.4,1747504646728955.0
2250239400341074.8,754284462909495.2,1751462995551384.8
2256282425613140.0,757055307085196.1,1755421344373814.5
2262325450885206.0,759826151260897.1,1759379693196244.5
2268368476157271.0,762596995436598.0,1763338042018674.2
2274411501429337.0,765367839612299.0,1767296390841104.2
2280454526701402.5,768138683787999.9,1771254739663534.0
2286497551973468.0,770909527963700.8,1775213088485963.8
2292540577245533.5,773680372139401.8,1779171437308393.8
2298583602517599.0,776451216315102.6,1783129786130823.5
2304626627789665.0,779222060490803.6,1787088134953253.5
2310669653061730.5,781992904666504.5,1791046483775683.2
2316712678333796.0,784763748842205.4,1795004832598113.0
2322755703605861.5,787534593017906.4,1798963181420543.0
2328798728877927.0,790305437193607.2,1802921530242972.8
2334841754149992.5,793076281369308.2,1806879879065402.8
2340884779422058.0,795847125545009.1,1810838227887832.5
2346927804694123.5,798617969720710.0,1814796576710262.2
2352970829966189.0,801388813896411.0,1818754925532692.2
2359013855238255.0,804159658072111.9,1822713274355122.0
2365056880510320.5,806930502247812.9,1826671623177552.0
2371099905782386.0,809701346423513.8,1830629971999981.8
2377142931054451.5,812472190599214.6,1834588320822411.5
2383185956326517.0,815243034774915.6,1838546669644841.5
2389228981598583.0,818013878950616.5,1842505018467271.2
2395272006870648.0,820784723126317.4,1846463367289701.0
2401315032142714.0,823555567302018.4,1850421716112131.0
2407358057414779.0,826326411477719.2,1854380064934560.8
2413401082686845.0,829097255653420.2,1858338413756990.8
2419444107958910.5,831868099829121.1,1862296762579420.5
2425487133230975.5,834638944004822.0,1866255111401850.2
2431530158503041.5,837409788180523.0,1870213460224280.2
2437573183775107.0,840180632356223.9,1874171809046710.0
2443616209047173.0,842951476531924.9,1878130157869140.0
2449659234319238.0,845722320707625.8,1882088506691569.8
2455702259591303.5,848493164883326.6,1886046855513999.5
2461745284863369.5,851264009059027.6,1890005204336429.5
2467788310135435.0,854034853234728.5,1893963553158859.2
2473831335407501.0,856805697410429.5,1897921901981289.2
2479874360679566.0,859576541586130.4,1901880250803719.0
2485917385951631.5,862347385761831.2,1905838599626148.8
2491960411223697.5,865118229937532.2,1909796948448578.8
2498003436495762.5,867889074113233.1,1913755297271008.5
2504046461767828.5,870659918288934.1,1917713646093438.5
2510089487039893.5,873430762464635.0,1921671994915868.2
2516132512311959.5,876201606640335.9,1925630343738298.0
2522175537584025.0,878972450816036.9,1929588692560728.0
2528218562856090.5,881743294991737.8,1933547041383157.8
2534261588128156.5,884514139167438.8,1937505390205587.8
2540304613400221.5,887284983343139.6,1941463739028017.5
2546347638672287.5,890055827518840.5,1945422087850447.2
2552390663944353.0,892826671694541.5,1949380436672877.2
2558433689216418.5,895597515870242.4,1953338785495307.0
2564476714488484.0,898368360045943.4,1957297134317737.0
2570519739760549.5,901139204221644.2,1961255483140166.8
2576562765032615.0,903910048397345.1,1965213831962596.5
2582605790304680.5,906680892573046.1,1969172180785026.5
2588648815576746.0,909451736748747.0,1973130529607456.2
2594691840848811.5,912222580924448.0,1977088878429886.2
2600734866120877.5,914993425100148.9,1981047227252316.0
2606777891392943.0,917764269275849.8,1985005576074745.8
2612820916665008.5,920535113451550.8,1988963924897175.8
2618863941937074.0,923305957627251.6,1992922273719605.5
2624906967209139.5,926076801802952.6,1996880622542035.5
2630949992481205.5,928847645978653.5,2000838971364465.2
2636993017753270.5,931618490154354.4,2004797320186895.0
2643036043025336.5,934389334330055.4,2008755669009325.0
2649079068297402.0,937160178505756.2,2012714017831754.8
2655122093569467.5,939931022681457.2,2016672366654184.8
2661165118841533.0,942701866857158.1,2020630715476614.5
2667208144113598.0,945472711032859.0,2024589064299044.2
2673251169385664.0,948243555208560.0,2028547413121474.2
2679294194657729.5,951014399384260.9,2032505761943904.0
2685337219929795.5,953785243559961.9,2036464110766334.0
2691380245201861.0,956556087735662.8,2040422459588763.8
2697423270473926.0,959326931911363.6,2044380808411193.5
2703466295745992.0,962097776087064.6,2048339157233623.5
2709509321018057.5,964868620262765.5,2052297506056053.2
2715552346290123.5,967639464438466.5,2056255854878483.2
2721595371562188.5,970410308614167.4,2060214203700913.0
2727638396834254.0,973181152789868.2,2064172552523342.8
2733681422106320.0,975951996965569.2,2068130901345772.8
2739724447378385.0,978722841141270.1,2072089250168202.5
2745767472650451.0,981493685316971.1,2076047598990632.5
2751810497922516.0,984264529492672.0,2080005947813062.2
2757853523194582.0,987035373668372.9,2083964296635492.0
2763896548466647.5,989806217844073.9,2087922645457922.0
2769939573738713.0,992577062019774.8,2091880994280351.8
2775982599010779.0,995347906195475.8,2095839343102781.8
2782025624282844.0,998118750371176.6,2099797691925211.5
2788068649554910.0,1000889594546877.5,2103756040747641.2
2794111674826975.5,1003660438722578.5,2107714389570071.2
2800154700099041.0,1006431282898279.4,2111672738392501.0
2806197725371106.5,1009202127073980.4,2115631087214931.0
2812240750643172.0,1011972971249681.2,2119589436037360.8
2818283775915237.5,1014743815425382.1,2123547784859790.5
2824326801187303.0,1017514659601083.1,2127506133682220.5
2830369826459368.5,1020285503776784.0,2131464482504650.2
2836412851731434.0,1023056347952485.0,2135422831327080.2
2842455877003500.0,1025827192128185.9,2139381180149510.0
2848498902275565.5,1028598036303886.8,2143339528971939.8
2854541927547631.0,1031368880479587.8,2147297877794369.8
2860584952819696.5,1034139724655288.6,2151256226616799.5
2866627978091762.0,1036910568830989.6,2155214575439229.5
2872671003363828.0,1039681413006690.5,2159172924261659.2
2878714028635893.0,1042452257182391.4,2163131273084089.0
2884757053907959.0,1045223101358092.4,2167089621906519.0
2890800079180024.5,1047993945533793.2,2171047970728948.8
2896843104452090.0,1050764789709494.2,2175006319551378.8
2902886129724155.5,1053535633885195.1,2178964668373808.5
2908929154996220.5,1056306478060896.0,2182923017196238.2
2914972180268286.5,1059077322236597.0,2186881366018668.2
2921015205540352.0,1061848166412297.9,2190839714841098.0
2927058230812418.0,1064619010587998.9,2194798063663528.0
2933101256084483.5,1067389854763699.8,2198756412485957.8
2939144281356548.5,1070160698939400.6,2202714761308387.5
2945187306628614.5,1072931543115101.6,2206673110130817.5
2951230331900680.0,1075702387290802.5,2210631458953247.2
2957273357172746.0,1078473231466503.5,2214589807775677.2
2963316382444811.5,1081244075642204.4,2218548156598107.0
2969359407716876.5,1084014919817905.2,2222506505420536.8
2975402432988942.5,1086785763993606.2,2226464854242966.8
2981445458261007.5,1089556608169307.1,2230423203065396.5
2987488483533073.5,1092327452345008.1,2234381551887826.5
2993531508805138.5,1095098296520709.0,2238339900710256.2
2999574534077204.5,1097869140696409.9,2242298249532686.0
3005617559349270.5,1100639984872110.9,2246256598355116.0
3011660584621335.5,1103410829047811.8,2250214947177545.8
3017703609893402.0,1106181673223512.9,2254173295999976.0
3023746635165466.5,1108952517399213.5,2258131644822405.5
3029789660437531.5,1111723361574914.1,2262089993644835.0
3035832685709597.5,1114494205750615.1,2266048342467265.0
3041875710981663.0,1117265049926316.1,2270006691289695.0
3047918736253729.0,1120035894102017.1,2273965040112125.0
3053961761525794.5,1122806738277718.1,2277923388934555.0
3060004786797859.5,1125577582453418.8,2281881737756984.5
3066047812069925.0,1128348426629119.8,2285840086579414.5
3072090837341990.5,1131119270804820.5,2289798435401844.0
3078133862614056.5,1133890114980521.5,2293756784224274.0
3084176887886122.0,1136660959156222.5,2297715133046704.0
3090219913158188.0,1139431803331923.5,2301673481869134.0
3096262938430253.5,1142202647507624.5,2305631830691564.0
3102305963702318.5,1144973491683325.0,2309590179513993.5
3108348988974384.0,1147744335859026.0,2313548528336423.5
3114392014246449.5,1150515180034726.8,2317506877158853.0
3120435039518515.5,1153286024210427.8,2321465225981283.0
3126478064790581.0,1156056868386128.8,2325423574803713.0
3132521090062647.0,1158827712561829.8,2329381923626143.0
3138564115334711.5,1161598556737530.2,2333340272448572.5
3144607140606777.5,1164369400913231.5,2337298621271002.5
3150650165878842.5,1167140245088932.2,2341256970093432.0
3156693191150908.0,1169911089264633.2,2345215318915862.0
3162736216422974.0,1172681933440334.2,2349173667738292.0
3168779241695039.5,1175452777616035.2,2353132016560722.0
3174822266967105.5,1178223621791736.2,2357090365383152.0
3180865292239170.5,1180994465967437.0,2361048714205581.5
3186908317511236.5,1183765310143138.0,2365007063028011.5
3192951342783302.0,1186536154318838.8,2368965411850441.0
3198994368055367.5,1189306998494539.8,2372923760672871.0
3205037393327433.5,1192077842670240.8,2376882109495301.0
3211080418599499.0,1194848686845941.8,2380840458317731.0
3217123443871565.0,1197619531021642.8,2384798807140161.0
3223166469143629.5,1200390375197343.5,2388757155962590.5
3229209494415694.5,1203161219373044.2,2392715504785020.0
3235252519687760.5,1205932063548745.2,2396673853607450.0
3241295544959826.0,1208702907724446.2,2400632202429880.0
3247338570231892.0,1211473751900147.2,2404590551252310.0
3253381595503957.5,1214244596075848.2,2408548900074740.0
3259424620776023.0,1217015440251549.0,2412507248897169.5
3265467646048089.0,1219786284427250.0,2416465597719599.5
3271510671320154.0,1222557128602950.8,2420423946542029.0
3277553696592220.0,1225327972778651.8,2424382295364459.0
3283596721864285.5,1228098816954352.8,2428340644186889.0
3289639747136351.5,1230869661130053.8,2432298993009319.0
3295682772408417.0,1233640505305754.8,2436257341831749.0
3301725797680482.0,1236411349481455.5,2440215690654178.5
3307768822952548.0,1239182193657156.5,2444174039476608.5
3313811848224612.5,1241953037832857.2,2448132388299038.0
3319854873496678.5,1244723882008558.2,2452090737121468.0
3325897898768744.0,1247494726184259.2,2456049085943898.0
3331940924040810.0,1250265570359960.2,2460007434766328.0
3337983949312875.5,1253036414535661.2,2463965783588758.0
3344026974584941.0,1255807258711362.0,2467924132411187.5
3350069999857006.5,1258578102887062.8,2471882481233617.0
3356113025129072.0,1261348947062763.8,2475840830056047.0
3362156050401138.0,1264119791238464.8,2479799178878477.0
3368199075673203.5,1266890635414165.8,2483757527700907.0
3374242100945269.5,1269661479589866.8,2487715876523337.0
3380285126217334.5,1272432323765567.5,2491674225345766.5
3386328151489400.0,1275203167941268.5,2495632574168196.5
3392371176761465.0,1277974012116969.2,2499590922990626.0
3398414202033530.5,1280744856292670.2,2503549271813056.0
3404457227305596.5,1283515700468371.2,2507507620635486.0
3410500252577662.0,1286286544644072.2,2511465969457916.0
3416543277849728.0,1289057388819773.2,2515424318280346.0
3422586303121793.5,1291828232995474.0,2519382667102775.5
3428629328393859.0,1294599077171175.0,2523341015925205.5
3434672353665924.5,1297369921346875.8,2527299364747635.0
3440715378937990.0,1300140765522576.8,2531257713570065.0
3446758404210056.0,1302911609698277.8,2535216062392495.0
3452801429482121.5,1305682453873978.8,2539174411214925.0
3458844454754187.5,1308453298049679.8,2543132760037355.0
3464887480026252.5,1311224142225380.5,2547091108859784.5
3470930505298317.0,1313994986401081.2,2551049457682214.0
3476973530570383.0,1316765830576782.2,2555007806504644.0
3483016555842448.5,1319536674752483.2,2558966155327074.0
3489059581114514.5,1322307518928184.2,2562924504149504.0
3495102606386580.0,1325078363103885.2,2566882852971934.0
3501145631658645.5,1327849207279586.0,2570841201794363.5
3507188656930711.5,1330620051455287.0,2574799550616793.5
3513231682202776.5,1333390895630987.8,2578757899439223.0
3519274707474842.5,1336161739806688.8,2582716248261653.0
3525317732746908.0,1338932583982389.8,2586674597084083.0
3531360758018974.0,1341703428158090.8,2590632945906513.0
3537403783291039.5,1344474272333791.8,2594591294728943.0
3543446808563104.5,1347245116509492.5,2598549643551372.5
3549489833835170.5,1350015960685193.5,2602507992373802.5
3555532859107235.0,1352786804860894.2,2606466341196232.0
3561575884379301.0,1355557649036595.2,2610424690018662.0
3567618909651366.5,1358328493212296.2,2614383038841092.0
3573661934923432.5,1361099337387997.2,2618341387663522.0
3579704960195498.0,1363870181563698.2,2622299736485952.0
3585747985467563.5,1366641025739399.0,2626258085308381.5
3591791010739629.0,1369411869915099.8,2630216434130811.0
3597834036011694.5,1372182714090800.8,2634174782953241.0
3603877061283760.5,1374953558266501.8,2638133131775671.0
3609920086555826.0,1377724402442202.8,2642091480598101.0
3615963111827892.0,1380495246617903.8,2646049829420531.0
3622006137099957.0,1383266090793604.5,2650008178242960.5
3628049162372022.5,1386036934969305.5,2653966527065390.5
3634092187644087.5,1388807779145006.2,2657924875887820.0
3640135212916153.0,1391578623320707.2,2661883224710250.0
3646178238188219.0,1394349467496408.2,2665841573532680.0
3652221263460284.5,1397120311672109.2,2669799922355110.0
3658264288732350.5,1399891155847810.2,2673758271177540.0
3664307314004416.0,1402662000023511.0,2677716619999969.5
3670350339276481.5,1405432844199212.0,2681674968822399.5
3676393364548547.0,1408203688374912.8,2685633317644829.0
3682436389820612.5,1410974532550613.8,2689591666467259.0
3688479415092678.5,1413745376726314.8,2693550015289689.0
3694522440364744.0,1416516220902015.8,2697508364112119.0
3700565465636810.0,1419287065077716.8,2701466712934549.0
3706608490908875.0,1422057909253417.5,2705425061756978.5
3712651516180939.5,1424828753429118.2,2709383410579408.0
3718694541453005.5,1427599597604819.2,2713341759401838.0
3724737566725071.0,1430370441780520.2,2717300108224268.0
3730780591997137.0,1433141285956221.2,2721258457046698.0
3736823617269203.0,1435912130131922.2,2725216805869128.0
3742866642541268.0,1438682974307623.0,2729175154691557.5
3748909667813334.0,1441453818483324.0,2733133503513987.5
3754952693085399.0,1444224662659024.8,2737091852336417.0
3760995718357465.0,1446995506834725.8,2741050201158847.0
3767038743629530.5,1449766351010426.8,2745008549981277.0
3773081768901596.5,1452537195186127.8,2748966898803707.0
3779124794173662.0,1455308039361828.8,2752925247626137.0
3785167819445727.0,1458078883537529.5,2756883596448566.5
3791210844717793.0,1460849727713230.5,2760841945270996.5
3797253869989857.5,1463620571888931.2,2764800294093426.0
3803296895261923.5,1466391416064632.2,2768758642915856.0
3809339920533989.5,1469162260240333.2,2772716991738286.0
3815382945806055.0,1471933104416034.2,2776675340560716.0
3821425971078121.0,1474703948591735.2,2780633689383146.0
3827468996350186.0,1477474792767436.0,2784592038205575.5
3833512021622251.5,1480245636943136.8,2788550387028005.0
3839555046894317.0,1483016481118837.8,2792508735850435.0
3845598072166383.0,1485787325294538.8,2796467084672865.0
3851641097438448.5,1488558169470239.8,2800425433495295.0
3857684122710514.5,1491329013645940.8,2804383782317725.0
3863727147982579.5,1494099857821641.5,2808342131140154.5
3869770173254645.0,1496870701997342.5,2812300479962584.5
3875813198526711.0,1499641546173043.5,2816258828785014.5
3881856223798776.0,1502412390348744.2,2820217177607444.0
3887899249070841.5,1505183234524445.2,2824175526429874.0
3893942274342907.5,1507954078700146.2,2828133875252304.0
3899985299614972.5,1510724922875847.0,2832092224074733.5
3906028324887038.5,1513495767051548.0,2836050572897163.5
3912071350159104.0,1516266611227249.0,2840008921719593.5
3918114375431169.5,1519037455402949.8,2843967270542023.0
3924157400703235.0,1521808299578650.8,2847925619364453.0
3930200425975301.0,1524579143754351.8,2851883968186883.0
3936243451247366.5,1527349987930052.8,2855842317009313.0
3942286476519431.5,1530120832105753.5,2859800665831742.5
3948329501791497.5,1532891676281454.5,2863759014654172.5
3954372527063563.0,1535662520457155.5,2867717363476602.5
3960415552335628.0,1538433364632856.2,2871675712299032.0
3966458577607694.0,1541204208808557.2,2875634061121462.0
3972501602879759.5,1543975052984258.2,2879592409943892.0
3978544628151825.0,1546745897159959.0,2883550758766321.5
3984587653423890.5,1549516741335660.0,2887509107588751.5
3990630678695956.5,1552287585511361.0,2891467456411181.5
3996673703968022.0,1555058429687062.0,2895425805233611.5
4002716729240087.5,1557829273862762.8,2899384154056041.0
4008759754512153.0,1560600118038463.8,2903342502878471.0
4014802779784219.0,1563370962214164.8,2907300851700901.0
4020845805056284.0,1566141806389865.5,2911259200523330.5
4026888830328349.5,1568912650565566.5,2915217549345760.5
4032931855600415.5,1571683494741267.5,2919175898168190.5
4038974880872480.5,1574454338916968.2,2923134246990620.0
4045017906144546.0,1577225183092669.2,2927092595813050.0
4051060931416612.0,1579996027268370.2,2931050944635480.0
4057103956688677.5,1582766871444071.2,2935009293457910.0
4063146981960743.5,1585537715619772.0,2938967642280339.5
4069190007232808.0,1588308559795473.0,2942925991102769.5
4075233032504875.0,1591079403971174.0,2946884339925199.5
4081276057776939.5,1593850248146874.8,2950842688747629.0
4087319083049005.5,1596621092322575.8,2954801037570059.0
4093362108321071.5,1599391936498276.8,2958759386392489.0
4099405133593136.0,1602162780673977.5,2962717735214918.5
4105448158865202.0,1604933624849678.5,2966676084037348.5
4111491184137267.5,1607704469025379.5,2970634432859778.5
4117534209409333.5,1610475313201080.5,2974592781682208.5
4123577234681398.5,1613246157376781.2,2978551130504638.0
4129620259953464.0,1616017001552482.2,2982509479327068.0
4135663285225530.0,1618787845728183.2,2986467828149498.0
4141706310497595.5,1621558689903884.0,2990426176971927.5
4147749335769660.5,1624329534079585.0,2994384525794357.5
4153792361041727.0,1627100378255286.0,2998342874616787.5
4159835386313792.0,1629871222430986.8,3002301223439217.0
4165878411585858.0,1632642066606687.8,3006259572261647.0
4171921436857923.5,1635412910782388.8,3010217921084077.0
4177964462129989.5,1638183754958089.8,3014176269906507.0
4184007487402054.0,1640954599133790.5,3018134618728936.5
4190050512674120.0,1643725443309491.5,3022092967551366.5
4196093537946185.5,1646496287485192.5,3026051316373796.5
4202136563218250.5,1649267131660893.2,3030009665196226.0
4208179588490316.5,1652037975836594.2,3033968014018656.0
4214222613762382.0,1654808820012295.2,3037926362841086.0
4220265639034448.0,1657579664187996.0,3041884711663515.5
4226308664306512.5,1660350508363697.0,3045843060485945.5
4232351689578579.5,1663121352539398.0,3049801409308375.5
4238394714850644.0,1665892196715099.0,3053759758130805.5
4244437740122710.0,1668663040890799.8,3057718106953235.0
4250480765394776.0,1671433885066500.8,3061676455775665.0
4256523790666841.5,1674204729242201.8,3065634804598095.0
4262566815938906.5,1676975573417902.5,3069593153420524.5
4268609841210972.0,1679746417593603.5,3073551502242954.5
4274652866483038.0,1682517261769304.5,3077509851065384.5
4280695891755103.0,1685288105945005.2,3081468199887814.0
4286738917027168.5,1688058950120706.2,3085426548710244.0
4292781942299234.5,1690829794296407.2,3089384897532674.0
4298824967571300.0,1693600638472108.2,3093343246355104.0
4304867992843365.0,1696371482647809.0,3097301595177533.5
4310911018115431.5,1699142326823510.0,3101259943999963.5
4316954043387496.5,1701913170999211.0,3105218292822393.5
4322997068659562.5,1704684015174911.8,3109176641644823.0
4329040093931628.0,1707454859350612.8,3113134990467253.0
4335083119203694.0,1710225703526313.8,3117093339289683.0
4341126144475758.5,1712996547702014.5,3121051688112112.5
4347169169747824.5,1715767391877715.5,3125010036934542.5
4353212195019890.0,1718538236053416.5,3128968385756972.5
4359255220291955.0,1721309080229117.2,3132926734579402.0
4365298245564021.0,1724079924404818.2,3136885083401832.0
4371341270836086.5,1726850768580519.2,3140843432224262.0
4377384296108152.5,1729621612756220.2,3144801781046692.0
4383427321380217.0,1732392456931921.0,3148760129869121.5
4389470346652284.0,1735163301107622.0,3152718478691551.5
4395513371924349.0,1737934145283323.0,3156676827513981.5
4401556397196414.5,1740704989459023.8,3160635176336411.0
4407599422468480.5,1743475833634724.8,3164593525158841.0
4413642447740546.0,1746246677810425.8,3168551873981271.0
4419685473012611.0,1749017521986126.5,3172510222803700.5
4425728498284676.5,1751788366161827.5,3176468571626130.5
4431771523556742.5,1754559210337528.5,3180426920448560.5
4437814548828808.0,1757330054513229.5,3184385269270990.5
4443857574100873.0,1760100898688930.2,3188343618093420.0
4449900599372939.0,1762871742864631.2,3192301966915850.0
4455943624645004.5,1765642587040332.2,3196260315738280.0
4461986649917069.5,1768413431216033.0,3200218664560709.5
4468029675189136.0,1771184275391734.0,3204177013383139.5
4474072700461201.0,1773955119567435.0,3208135362205569.5
4480115725733267.0,1776725963743135.8,3212093711027999.0
4486158751005332.5,1779496807918836.8,3216052059850429.0
4492201776277398.5,1782267652094537.8,3220010408672859.0
4498244801549464.0,1785038496270238.8,3223968757495289.0
4504287826821529.0,1787809340445939.5,3227927106317718.5
4510330852093595.0,1790580184621640.5,3231885455140148.5
4516373877365660.0,1793351028797341.5,3235843803962578.5
4522416902637725.0,1796121872973042.2,3239802152785008.0
4528459927909791.0,1798892717148743.2,3243760501607438.0
4534502953181857.0,1801663561324444.2,3247718850429868.0
4540545978453922.0,1804434405500145.0,3251677199252297.5
4546589003725988.0,1807205249675846.0,3255635548074727.5
4552632028998053.0,1809976093851547.0,3259593896897157.5
4558675054270120.0,1812746938027248.0,3263552245719587.5
4564718079542185.0,1815517782202948.8,3267510594542017.0
4570761104814251.0,1818288626378649.8,3271468943364447.0
4576804130086316.0,1821059470554350.8,3275427292186877.0
4582847155358381.0,1823830314730051.5,3279385641009306.5
4588890180630447.0,1826601158905752.5,3283343989831736.5
4594933205902513.0,1829372003081453.5,3287302338654166.5
4600976231174578.0,1832142847257154.2,3291260687476596.0
4607019256446643.0,1834913691432855.2,3295219036299026.0
4613062281718709.0,1837684535608556.2,3299177385121456.0
4619105306990775.0,1840455379784257.2,3303135733943886.0
4625148332262841.0,1843226223959958.0,3307094082766315.5
4631191357534906.0,1845997068135659.0,3311052431588745.5
4637234382806972.0,1848767912311360.0,3315010780411175.5
4643277408079037.0,1851538756487060.8,3318969129233605.0
4649320433351103.0,1854309600662761.8,3322927478056035.0
4655363458623169.0,1857080444838462.8,3326885826878465.0
4661406483895233.0,1859851289014163.5,3330844175700894.5
4667449509167299.0,1862622133189864.5,3334802524523324.5
4673492534439365.0,1865392977365565.5,3338760873345754.5
4679535559711431.0,1868163821541266.5,3342719222168184.5
4685578584983496.0,1870934665716967.2,3346677570990614.0
4691621610255561.0,1873705509892668.2,3350635919813044.0
4697664635527627.0,1876476354068369.2,3354594268635474.0
4703707660799693.0,1879247198244070.0,3358552617457903.5
4709750686071758.0,1882018042419771.0,3362510966280333.5
4715793711343824.0,1884788886595472.0,3366469315102763.5
4721836736615889.0,1887559730771172.8,3370427663925193.0
4727879761887955.0,1890330574946873.8,3374386012747623.0
4733922787160021.0,1893101419122574.8,3378344361570053.0
4739965812432087.0,1895872263298275.8,3382302710392483.0
4746008837704151.0,1898643107473976.5,3386261059214912.5
4752051862976217.0,1901413951649677.5,3390219408037342.5
4758094888248283.0,1904184795825378.5,3394177756859772.5
4764137913520348.0,1906955640001079.2,3398136105682202.0
4770180938792414.0,1909726484176780.2,3402094454504632.0
4776223964064479.0,1912497328352481.2,3406052803327062.0
4782266989336545.0,1915268172528182.0,3410011152149491.5
4788310014608610.0,1918039016703883.0,3413969500971921.5
4794353039880677.0,1920809860879584.0,3417927849794351.5
4800396065152742.0,1923580705055285.0,3421886198616781.5
4806439090424807.0,1926351549230985.8,3425844547439211.0
4812482115696873.0,1929122393406686.8,3429802896261641.0
4818525140968939.0,1931893237582387.8,3433761245084071.0
4824568166241004.0,1934664081758088.5,3437719593906500.5
4830611191513070.0,1937434925933789.5,3441677942728930.5
4836654216785135.0,1940205770109490.5,3445636291551360.5
4842697242057200.0,1942976614285191.2,3449594640373790.0
4848740267329266.0,1945747458460892.2,3453552989196220.0
4854783292601332.0,1948518302636593.2,3457511338018650.0
4860826317873397.0,1951289146812294.2,3461469686841080.0
4866869343145462.0,1954059990987995.0,3465428035663509.5
4872912368417529.0,1956830835163696.0,3469386384485939.5
4878955393689594.0,1959601679339397.0,3473344733308369.5
4884998418961660.0,1962372523515097.8,3477303082130799.0
4891041444233725.0,1965143367690798.8,3481261430953229.0
4897084469505791.0,1967914211866499.8,3485219779775659.0
4903127494777856.0,1970685056042200.5,3489178128598088.5
4909170520049922.0,1973455900217901.5,3493136477420518.5
4915213545321988.0,1976226744393602.5,3497094826242948.5
4921256570594053.0,1978997588569303.5,3501053175065378.5
4927299595866118.0,1981768432745004.2,3505011523887808.0
4933342621138184.0,1984539276920705.2,3508969872710238.0
4939385646410250.0,1987310121096406.2,3512928221532668.0
4945428671682315.0,1990080965272107.0,3516886570355097.5
4951471696954381.0,1992851809447808.0,3520844919177527.5
4957514722226446.0,1995622653623509.0,3524803267999957.5
4963557747498512.0,1998393497799209.8,3528761616822387.0
4969600772770578.0,2001164341974910.8,3532719965644817.0
4975643798042643.0,2003935186150611.8,3536678314467247.0
4981686823314709.0,2006706030326312.8,3540636663289677.0
4987729848586774.0,2009476874502013.5,3544595012112106.5
4993772873858840.0,2012247718677714.5,3548553360934536.5
4999815899130906.0,2015018562853415.5,3552511709756966.5
5005858924402970.0,2017789407029116.2,3556470058579396.0
5011901949675036.0,2020560251204817.2,3560428407401826.0
5017944974947102.0,2023331095380518.2,3564386756224256.0
5023988000219167.0,2026101939556219.0,3568345105046685.5
5030031025491234.0,2028872783731920.0,3572303453869115.5
5036074050763298.0,2031643627907621.0,3576261802691545.5
5042117076035365.0,2034414472083322.0,3580220151513975.5
5048160101307430.0,2037185316259022.8,3584178500336405.0
5054203126579496.0,2039956160434723.8,3588136849158835.0
5060246151851561.0,2042727004610424.8,3592095197981265.0
5066289177123626.0,2045497848786125.5,3596053546803694.5
5072332202395692.0,2048268692961826.5,3600011895626124.5
5078375227667758.0,2051039537137527.5,3603970244448554.5
5084418252939823.0,2053810381313228.2,3607928593270984.0
5090461278211888.0,2056581225488929.2,3611886942093414.0
5096504303483954.0,2059352069664630.2,3615845290915844.0
5102547328756019.0,2062122913840331.0,3619803639738273.5
5108590354028086.0,2064893758016032.0,3623761988560703.5
5114633379300151.0,2067664602191733.0,3627720337383133.5
5120676404572217.0,2070435446367434.0,3631678686205563.5
5126719429844282.0,2073206290543134.8,3635637035027993.0
5132762455116348.0,2075977134718835.8,3639595383850423.0
5138805480388414.0,2078747978894536.8,3643553732672853.0
5144848505660479.0,2081518823070237.5,3647512081495282.5
5150891530932544.0,2084289667245938.5,3651470430317712.5
5156934556204610.0,2087060511421639.5,3655428779140142.5
5162977581476675.0,2089831355597340.2,3659387127962572.0
5169020606748741.0,2092602199773041.2,3663345476785002.0
5175063632020806.0,2095373043948742.2,3667303825607432.0
5181106657292872.0,2098143888124443.2,3671262174429862.0
5187149682564938.0,2100914732300144.0,3675220523252291.5
5193192707837003.0,2103685576475845.0,3679178872074721.5
5199235733109070.0,2106456420651546.0,3683137220897151.5
5205278758381134.0,2109227264827246.8,3687095569719581.0
5211321783653200.0,2111998109002947.8,3691053918542011.0
5217364808925266.0,2114768953178648.8,3695012267364441.0
5223407834197331.0,2117539797354349.5,3698970616186870.5
5229450859469397.0,2120310641530050.5,3702928965009300.5
5235493884741462.0,2123081485705751.5,3706887313831730.5
5241536910013528.0,2125852329881452.5,3710845662654160.5
5247579935285593.0,2128623174057153.2,3714804011476590.0
5253622960557659.0,2131394018232854.2,3718762360299020.0
5259665985829725.0,2134164862408555.2,3722720709121450.0
5265709011101790.0,2136935706584256.0,3726679057943879.5
5271752036373855.0,2139706550759957.0,3730637406766309.5
5277795061645922.0,2142477394935658.0,3734595755588739.5
5283838086917987.0,2145248239111358.8,3738554104411169.0
5289881112190052.0,2148019083287059.8,3742512453233599.0
5295924137462118.0,2150789927462760.8,3746470802056029.0
5301967162734184.0,2153560771638461.8,3750429150878459.0
5308010188006249.0,2156331615814162.5,3754387499700888.5
5314053213278315.0,2159102459989863.5,3758345848523318.5
5320096238550380.0,2161873304165564.5,3762304197345748.5
5326139263822445.0,2164644148341265.2,3766262546168178.0
5332182289094511.0,2167414992516966.2,3770220894990608.0
5338225314366577.0,2170185836692667.2,3774179243813038.0
5344268339638643.0,2172956680868368.0,3778137592635467.5
5350311364910707.0,2175727525044069.0,3782095941457897.5
5356354390182774.0,2178498369219770.0,3786054290280327.5
5362397415454839.0,2181269213395471.0,3790012639102757.5
5368440440726905.0,2184040057571171.8,3793970987925187.0
5374483465998970.0,2186810901746872.8,3797929336747617.0
5380526491271036.0,2189581745922573.8,3801887685570047.0
5386569516543101.0,2192352590098274.5,3805846034392476.5
5392612541815167.0,2195123434273975.5,3809804383214906.5
5398655567087233.0,2197894278449676.5,3813762732037336.5
5404698592359298.0,2200665122625377.2,3817721080859766.0
5410741617631363.0,2203435966801078.2,3821679429682196.0
5416784642903429.0,2206206810976779.2,3825637778504626.0
5422827668175495.0,2208977655152480.2,3829596127327056.0
5428870693447560.0,2211748499328181.0,3833554476149485.5
5434913718719626.0,2214519343503882.0,3837512824971915.5
5440956743991691.0,2217290187679583.0,3841471173794345.5
5446999769263757.0,2220061031855283.8,3845429522616775.0
5453042794535823.0,2222831876030984.8,3849387871439205.0
5459085819807888.0,2225602720206685.8,3853346220261635.0
5465128845079953.0,2228373564382386.5,3857304569084064.5
5471171870352019.0,2231144408558087.5,3861262917906494.5
5477214895624085.0,2233915252733788.5,3865221266728924.5
5483257920896151.0,2236686096909489.5,3869179615551354.5
5489300946168216.0,2239456941085190.2,3873137964373784.0
5495343971440281.0,2242227785260891.2,3877096313196214.0
5501386996712347.0,2244998629436592.2,3881054662018644.0
5507430021984412.0,2247769473612293.0,3885013010841073.5
5513473047256479.0,2250540317787994.0,3888971359663503.5
5519516072528543.0,2253311161963695.0,3892929708485933.5
5525559097800608.0,2256082006139395.5,3896888057308363.0
5531602123072675.0,2258852850315096.5,3900846406130793.0
5537645148344740.0,2261623694490797.5,3904804754953223.0
5543688173616807.0,2264394538666498.5,3908763103775653.0
5549731198888871.0,2267165382842199.5,3912721452598082.5
5555774224160937.0,2269936227017900.5,3916679801420512.5
5561817249433003.0,2272707071193601.5,3920638150242942.5
5567860274705068.0,2275477915369302.0,3924596499065372.0
5573903299977134.0,2278248759545003.0,3928554847887802.0
5579946325249199.0,2281019603720704.0,3932513196710232.0
5585989350521264.0,2283790447896405.0,3936471545532661.5
5592032375793331.0,2286561292072106.0,3940429894355091.5
5598075401065396.0,2289332136247807.0,3944388243177521.5
5604118426337462.0,2292102980423508.0,3948346591999951.5
5610161451609527.0,2294873824599208.5,3952304940822381.0
5616204476881592.0,2297644668774909.5,3956263289644811.0
5622247502153659.0,2300415512950610.5,3960221638467241.0
5628290527425724.0,2303186357126311.0,3964179987289670.5
5634333552697789.0,2305957201302012.0,3968138336112100.5
5640376577969855.0,2308728045477713.0,3972096684934530.5
5646419603241920.0,2311498889653413.5,3976055033756960.0
5652462628513985.0,2314269733829114.5,3980013382579390.0
5658505653786052.0,2317040578004815.5,3983971731401820.0
5664548679058116.0,2319811422180516.5,3987930080224250.0
5670591704330181.0,2322582266356217.0,3991888429046679.5
5676634729602248.0,2325353110531918.0,3995846777869109.5
5682677754874313.0,2328123954707619.0,3999805126691539.5
5688720780146378.0,2330894798883319.5,4003763475513969.0
5694763805418444.0,2333665643059020.5,4007721824336399.0
5700806830690509.0,2336436487234721.5,4011680173158829.0
5706849855962574.0,2339207331410422.0,4015638521981258.5
5712892881234641.0,2341978175586123.0,4019596870803688.5
5718935906506706.0,2344749019761824.0,4023555219626118.5
5724978931778772.0,2347519863937525.0,4027513568448548.5
5731021957050837.0,2350290708113225.5,4031471917270978.0
5737064982322902.0,2353061552288926.5,4035430266093408.0
5743108007594969.0,2355832396464627.5,4039388614915838.0
5749151032867034.0,2358603240640328.0,4043346963738267.5
5755194058139098.0,2361374084816029.0,4047305312560697.5
5761237083411165.0,2364144928991730.0,4051263661383127.5
5767280108683230.0,2366915773167430.5,4055222010205557.0
5773323133955295.0,2369686617343131.5,4059180359027987.0
5779366159227361.0,2372457461518832.5,4063138707850417.0
5785409184499426.0,2375228305694533.5,4067097056672847.0
5791452209771491.0,2377999149870234.0,4071055405495276.5
5797495235043558.0,2380769994045935.0,4075013754317706.5
5803538260315623.0,2383540838221636.0,4078972103140136.5
5809581285587688.0,2386311682397336.5,4082930451962566.0
5815624310859754.0,2389082526573037.5,4086888800784996.0
5821667336131819.0,2391853370748738.5,4090847149607426.0
5827710361403884.0,2394624214924439.0,4094805498429855.5
5833753386675951.0,2397395059100140.0,4098763847252285.5
5839796411948016.0,2400165903275841.0,4102722196074715.5
5845839437220080.0,2402936747451541.5,4106680544897145.0
5851882462492147.0,2405707591627242.5,4110638893719575.0
5857925487764212.0,2408478435802943.5,4114597242542005.0
5863968513036279.0,2411249279978644.5,4118555591364435.0
5870011538308343.0,2414020124154345.0,4122513940186864.5
5876054563580408.0,2416790968330046.0,4126472289009294.5
5882097588852475.0,2419561812505747.0,4130430637831724.5
5888140614124540.0,2422332656681447.5,4134388986654154.0
5894183639396605.0,2425103500857148.5,4138347335476584.0
5900226664668671.0,2427874345032849.5,4142305684299014.0
5906269689940736.0,2430645189208550.0,4146264033121443.5
5912312715212801.0,2433416033384251.0,4150222381943873.5
5918355740484868.0,2436186877559952.0,4154180730766303.5
5924398765756933.0,2438957721735653.0,4158139079588733.5
5930441791028998.0,2441728565911353.5,4162097428411163.0
5936484816301064.0,2444499410087054.5,4166055777233593.0
5942527841573129.0,2447270254262755.5,4170014126056023.0
5948570866845194.0,2450041098438456.0,4173972474878452.5
5954613892117261.0,2452811942614157.0,4177930823700882.5
5960656917389325.0,2455582786789858.0,4181889172523312.5
5966699942661390.0,2458353630965558.5,4185847521345742.0
5972742967933457.0,2461124475141259.5,4189805870168172.0
5978785993205522.0,2463895319316960.5,4193764218990602.0
5984829018477589.0,2466666163492661.5,4197722567813032.0
5990872043749653.0,2469437007668362.0,4201680916635461.5
5996915069021718.0,2472207851844063.0,4205639265457891.5
6002958094293785.0,2474978696019764.0,4209597614280321.5
6009001119565850.0,2477749540195464.5,4213555963102751.0
6015044144837915.0,2480520384371165.5,4217514311925181.0
6021087170109981.0,2483291228546866.5,4221472660747611.0
6027130195382046.0,2486062072722567.0,4225431009570040.5
6033173220654111.0,2488832916898268.0,4229389358392470.5
6039216245926178.0,2491603761073969.0,4233347707214900.5
6045259271198243.0,2494374605249670.0,4237306056037330.5
6051302296470307.0,2497145449425370.5,4241264404859760.0
6057345321742374.0,2499916293601071.5,4245222753682190.0
6063388347014439.0,2502687137776772.5,4249181102504620.0
6069431372286504.0,2505457981952473.0,4253139451327049.5
6075474397558571.0,2508228826128174.0,4257097800149479.5
6081517422830635.0,2510999670303875.0,4261056148971909.5
6087560448102700.0,2513770514479575.5,4265014497794339.0
6093603473374767.0,2516541358655276.5,4268972846616769.0
6099646498646832.0,2519312202830977.5,4272931195439199.0
6105689523918898.0,2522083047006678.5,4276889544261629.0
6111732549190963.0,2524853891182379.0,4280847893084058.5
6117775574463028.0,2527624735358080.0,4284806241906488.5
6123818599735095.0,2530395579533781.0,4288764590728918.5
6129861625007160.0,2533166423709481.5,4292722939551348.0
6135904650279225.0,2535937267885182.5,4296681288373778.0
6141947675551291.0,2538708112060883.5,4300639637196208.0
6147990700823356.0,2541478956236584.0,4304597986018637.5
6154033726095421.0,2544249800412285.0,4308556334841067.5
6160076751367488.0,2547020644587986.0,4312514683663497.5
6166119776639553.0,2549791488763687.0,4316473032485927.5
6172162801911617.0,2552562332939387.5,4320431381308357.0
6178205827183684.0,2555333177115088.5,4324389730130787.0
6184248852455749.0,2558104021290789.5,4328348078953217.0
6190291877727814.0,2560874865466490.0,4332306427775646.5
6196334902999880.0,2563645709642191.0,4336264776598076.5
6202377928271945.0,2566416553817892.0,4340223125420506.5
6208420953544010.0,2569187397993592.5,4344181474242936.0
6214463978816077.0,2571958242169293.5,4348139823065366.0
6220507004088142.0,2574729086344994.5,4352098171887796.0
6226550029360208.0,2577499930520695.5,4356056520710226.0
6232593054632273.0,2580270774696396.0,4360014869532655.5
6238636079904338.0,2583041618872097.0,4363973218355085.5
6244679105176405.0,2585812463047798.0,4367931567177515.5
6250722130448470.0,2588583307223498.5,4371889915999945.0
6256765155720535.0,2591354151399199.5,4375848264822375.0
6262808180992601.0,2594124995574900.5,4379806613644805.0
6268851206264666.0,2596895839750601.0,4383764962467234.5
6274894231536731.0,2599666683926302.0,4387723311289664.5
6280937256808798.0,2602437528102003.0,4391681660112094.5
6286980282080862.0,2605208372277704.0,4395640008934524.5
6293023307352927.0,2607979216453404.5,4399598357756954.0
6299066332624994.0,2610750060629105.5,4403556706579384.0
6305109357897059.0,2613520904804806.5,4407515055401814.0
6311152383169124.0,2616291748980507.0,4411473404224243.5
6317195408441190.0,2619062593156208.0,4415431753046673.5
6323238433713255.0,2621833437331909.0,4419390101869103.5
6329281458985320.0,2624604281507609.5,4423348450691533.0
6335324484257387.0,2627375125683310.5,4427306799513963.0
6341367509529452.0,2630145969859011.5,4431265148336393.0
6347410534801518.0,2632916814034712.5,4435223497158823.0
6353453560073583.0,2635687658210413.0,4439181845981252.5
6359496585345648.0,2638458502386114.0,4443140194803682.5
6365539610617715.0,2641229346561815.0,4447098543626112.5
6371582635889780.0,2644000190737515.5,4451056892448542.0
6377625661161844.0,2646771034913216.5,4455015241270972.0
6383668686433911.0,2649541879088917.5,4458973590093402.0
6389711711705976.0,2652312723264618.0,4462931938915831.5
6395754736978041.0,2655083567440319.0,4466890287738261.5
6401797762250108.0,2657854411616020.0,4470848636560691.5
6407840787522172.0,2660625255791721.0,4474806985383121.5
6413883812794237.0,2663396099967421.5,4478765334205551.0
6419926838066304.0,2666166944143122.5,4482723683027981.0
6425969863338369.0,2668937788318823.5,4486682031850411.0
6432012888610434.0,2671708632494524.0,4490640380672840.5
6438055913882500.0,2674479476670225.0,4494598729495270.5
6444098939154565.0,2677250320845926.0,4498557078317700.5
6450141964426630.0,2680021165021626.5,4502515427140130.0
6456184989698697.0,2682792009197327.5,4506473775962560.0
6462228014970762.0,2685562853373028.5,4510432124784990.0
6468271040242828.0,2688333697548729.5,4514390473607420.0
